"Marca temporal","¿Usas herramientas de inteligencia artificial (como ChatGPT, Gemini, DeepSeek, etc.)?","Sexo","Años de servicio","Municipio ","1 Sé resolver mis problemas técnicos","2 Asimilo conocimientos tecnológicos fácilmente","3 Me mantengo al día de las nuevas tecnologías de inteligencia artificial generativa","4 A menudo juego y hago pruebas con la tecnología de inteligencia artificial generativa ","5 Conozco muchas tecnologías de inteligencia artificial generativa","6 Tengo los conocimientos técnicos (conocimiento de los programas, diseño efectivo de prompts...) que necesito para usar la tecnología de inteligencia artificial generativa ","7 He tenido oportunidades suficientes de trabajar con diferentes tecnologías de inteligencia artificial generativa ","8 Conozco tecnologías de inteligencia artificial generativa que puedo usar para comprender y elaborar contenidos teóricos de mi materia
","9 Conozco tecnologías de inteligencia artificial generativa que puedo usar para comprender y elaborar contenidos prácticos de mi materia","10 Sé seleccionar tecnologías de inteligencia artificial generativa que mejoran los  enfoques docentes para una lección ","11 Sé seleccionar tecnologías de inteligencia artificial generativa que mejoran el aprendizaje del alumnado en una lección ","12 Mi formación como docente me ha hecho reflexionar más detenidamente sobre la forma en que la tecnología de inteligencia artificial generativa puede influir en los enfoques docentes que uso en mis clases ","13 Adopto un pensamiento crítico sobre la forma de utilizar la tecnología de inteligencia artificial generativa en mis clases","14 Puedo adaptar el uso de tecnologías de inteligencia artificial generativa sobre las cuales estoy aprendiendo  en las diferentes actividades docentes ","15 Puedo impartir lecciones que combinan adecuadamente mi materia, las tecnologías de inteligencia artificial generativa y los enfoques docentes ","16 Sé seleccionar tecnologías de inteligencia artificial generativa para usar en mis clases que mejoran los contenidos que imparto, la forma de impartirlos y lo que aprende mi alumnado ","17 Sé usar en mis materiales docentes estrategias que combinan contenidos, tecnologías de inteligencia artificial generativa y enfoques docentes sobre los cuales he aprendido ","18 Puedo guiar y ayudar a otras personas a coordinar el uso de contenidos, tecnologías de inteligencia artificial generativa y enfoques docentes en mi centro y/o región
                ","19 Puedo seleccionar tecnologías de inteligencia artificial generativa que mejoran el contenido de las lecciones.
                "
"2025/05/27 11:07:25 a.m. GMT-6","A veces, ir al cuestionario","Mujer","1-10","Nuevo Ideal","3","3","3","3","3","2","2","3","3","2","1","2","2","3","3","3","3","3","3"
"2025/05/27 11:44:11 a.m. GMT-6","A veces, ir al cuestionario","Hombre","1-10","Nuevo Ideal","3","3","3","3","3","3","3","4","4","3","3","3","3","3","3","4","4","5","4"
"2025/05/27 12:05:21 p.m. GMT-6","A veces, ir al cuestionario","Mujer","20-30","Gómez Palacio","5","3","2","2","5","1","1","1","1","1","1","1","1","1","1","1","1","1","1"
"2025/05/27 12:24:43 p.m. GMT-6","A veces, ir al cuestionario","Mujer","1-10","Gómez Palacio","4","4","4","3","3","3","3","4","3","4","4","3","3","3","4","3","3","4","4"
"2025/05/27 12:24:50 p.m. GMT-6","No, salir","","","","","","","","","","","","","","","","","","","","","",""
"2025/05/27 12:28:13 p.m. GMT-6","A veces, ir al cuestionario","Mujer","1-10","Gómez Palacio","5","4","4","3","2","3","2","2","2","2","2","4","3","3","3","2","3","2","2"
"2025/05/27 12:33:46 p.m. GMT-6","A veces, ir al cuestionario","Mujer","20-30","Gómez Palacio","4","4","3","2","3","3","2","2","2","3","3","4","3","2","3","3","4","3","4"
"2025/05/27 12:33:46 p.m. GMT-6","A veces, ir al cuestionario","Mujer","20-30","Gómez Palacio","4","3","3","2","3","3","2","2","2","3","3","4","3","3","3","3","3","3","4"
"2025/05/27 12:41:18 p.m. GMT-6","A veces, ir al cuestionario","Mujer","20-30","Gómez Palacio","3","3","4","3","4","3","4","3","3","3","4","3","3","4","3","3","3","4","3"
"2025/05/27 4:48:15 p.m. GMT-6","A veces, ir al cuestionario","Mujer","20-30","Durango","3","3","2","1","1","1","1","1","2","2","3","4","4","4","3","2","2","2","1"
"2025/05/27 4:49:53 p.m. GMT-6","Sí, ir al cuestionario","Mujer","10-20","Durango","5","5","5","5","5","5","4","5","5","4","4","4","4","5","4","4","5","5","4"
"2025/05/27 5:24:47 p.m. GMT-6","A veces, ir al cuestionario","Hombre","30+","Durango","3","4","3","3","3","3","3","2","2","3","3","3","4","4","3","3","3","3","3"
"2025/05/27 5:51:35 p.m. GMT-6","No, salir","","","","","","","","","","","","","","","","","","","","","",""
"2025/05/27 5:51:58 p.m. GMT-6","No, salir","","","","","","","","","","","","","","","","","","","","","",""
"2025/05/27 6:09:39 p.m. GMT-6","No, salir","","","","","","","","","","","","","","","","","","","","","",""
"2025/05/27 6:12:10 p.m. GMT-6","Sí, ir al cuestionario","Hombre","1-10","Pueblo Nuevo","5","5","5","5","5","5","5","5","5","5","5","5","5","5","5","5","5","5","5"
"2025/05/27 6:13:23 p.m. GMT-6","No, salir","","","","","","","","","","","","","","","","","","","","","",""
"2025/05/27 6:15:15 p.m. GMT-6","No, salir","","","","","","","","","","","","","","","","","","","","","",""
"2025/05/27 6:20:45 p.m. GMT-6","A veces, ir al cuestionario","Hombre","10-20","Durango","5","4","4","4","3","4","3","4","4","4","4","4","4","4","4","4","4","4","4"
"2025/05/27 6:24:15 p.m. GMT-6","A veces, ir al cuestionario","Mujer","1-10","Durango","3","4","3","2","3","2","3","3","4","3","3","4","4","4","4","4","4","3","3"
"2025/05/27 6:25:19 p.m. GMT-6","A veces, ir al cuestionario","Mujer","1-10","Durango","3","3","3","2","2","1","1","1","2","1","1","2","1","1","1","1","1","1","1"
"2025/05/27 6:30:49 p.m. GMT-6","A veces, ir al cuestionario","Mujer","1-10","Durango","4","4","2","1","1","1","1","1","1","1","1","2","1","2","1","1","1","2","2"
"2025/05/27 6:31:35 p.m. GMT-6","No, salir","","","","","","","","","","","","","","","","","","","","","",""
"2025/05/27 6:35:04 p.m. GMT-6","No, salir","","","","","","","","","","","","","","","","","","","","","",""
"2025/05/27 6:43:36 p.m. GMT-6","Sí, ir al cuestionario","Mujer","1-10","Vicente Guerrero","5","5","4","4","3","3","4","4","4","5","5","5","5","5","5","5","5","5","5"
"2025/05/27 7:17:59 p.m. GMT-6","A veces, ir al cuestionario","Mujer","10-20","Gómez Palacio","4","5","4","3","1","3","2","2","2","2","2","5","5","5","5","5","5","2","2"
"2025/05/27 7:20:37 p.m. GMT-6","Sí, ir al cuestionario","Hombre","10-20","Durango","4","4","4","4","2","1","2","2","2","2","1","5","5","5","4","4","3","3","3"
"2025/05/27 7:22:55 p.m. GMT-6","No, salir","","","","","","","","","","","","","","","","","","","","","",""
"2025/05/27 7:29:18 p.m. GMT-6","A veces, ir al cuestionario","Mujer","1-10","Durango","4","4","4","4","4","4","2","4","4","4","4","2","4","4","4","4","4","4","4"
"2025/05/27 7:56:17 p.m. GMT-6","Sí, ir al cuestionario","Mujer","10-20","Durango","4","5","5","5","5","5","5","5","5","5","5","5","5","5","5","5","5","5","5"
"2025/05/27 8:36:40 p.m. GMT-6","Sí, ir al cuestionario","Mujer","30+","Pueblo Nuevo","3","3","4","4","3","3","5","3","3","3","3","3","3","3","3","3","3","3","3"
"2025/05/27 8:44:19 p.m. GMT-6","A veces, ir al cuestionario","Mujer","10-20","Durango","4","4","4","3","3","3","3","4","4","4","4","4","4","4","4","4","4","4","4"
"2025/05/27 10:07:46 p.m. GMT-6","Sí, ir al cuestionario","Mujer","1-10","Pueblo Nuevo","5","1","5","5","1","1","1","5","1","5","5","5","5","5","5","5","5","5","5"
"2025/05/27 10:12:40 p.m. GMT-6","Sí, ir al cuestionario","Mujer","1-10","Pueblo Nuevo","4","4","4","4","4","4","4","4","4","4","4","4","4","4","4","4","4","4","4"
"2025/05/27 10:51:50 p.m. GMT-6","Sí, ir al cuestionario","Hombre","10-20","Durango","5","5","4","4","3","3","4","4","4","3","3","3","4","4","3","3","3","3","3"
"2025/05/28 7:53:49 a.m. GMT-6","No, salir","","","","","","","","","","","","","","","","","","","","","",""
"2025/05/28 8:24:16 a.m. GMT-6","Sí, ir al cuestionario","Mujer","1-10","Durango","3","3","4","3","4","4","4","4","4","4","4","4","4","4","4","4","4","4","4"
"2025/05/28 8:24:19 a.m. GMT-6","Sí, ir al cuestionario","Mujer","30+","Pueblo Nuevo","5","5","3","5","5","5","5","3","5","5","5","5","3","5","5","5","5","5","5"
"2025/05/28 8:29:57 a.m. GMT-6","Sí, ir al cuestionario","Hombre","10-20","Durango","5","5","4","3","3","3","2","3","3","4","4","3","2","4","5","2","2","3","3"
"2025/05/28 8:36:10 a.m. GMT-6","A veces, ir al cuestionario","Hombre","10-20","Durango","4","4","4","3","3","3","3","3","3","3","3","3","3","3","3","4","3","3","3"
"2025/05/28 8:43:53 a.m. GMT-6","Sí, ir al cuestionario","Mujer","1-10","Durango","4","4","4","4","3","4","5","4","4","4","4","4","4","4","4","5","5","4","5"
"2025/05/28 8:58:13 a.m. GMT-6","Sí, ir al cuestionario","Mujer","30+","Pueblo Nuevo","4","3","3","3","4","3","4","3","3","3","3","3","3","4","3","3","3","3","3"
"2025/05/28 9:05:22 a.m. GMT-6","Sí, ir al cuestionario","Mujer","20-30","Durango","4","4","3","3","2","3","3","3","3","3","3","4","4","4","2","3","4","3","4"
"2025/05/28 9:13:04 a.m. GMT-6","A veces, ir al cuestionario","Mujer","10-20","Indé","4","3","3","3","3","3","3","3","3","3","3","3","3","3","3","3","3","3","3"
"2025/05/28 9:28:16 a.m. GMT-6","No, salir","","","","","","","","","","","","","","","","","","","","","",""
"2025/05/28 9:28:46 a.m. GMT-6","No, salir","","","","","","","","","","","","","","","","","","","","","",""
"2025/05/28 9:34:21 a.m. GMT-6","A veces, ir al cuestionario","Mujer","10-20","Durango","4","4","4","3","3","3","3","3","3","3","3","4","4","4","2","3","2","2","2"
"2025/05/28 9:36:09 a.m. GMT-6","No, salir","","","","","","","","","","","","","","","","","","","","","",""
"2025/05/28 9:38:49 a.m. GMT-6","A veces, ir al cuestionario","Hombre","20-30","Durango","5","5","5","4","4","4","3","4","4","2","2","2","3","3","3","3","3","3","3"
"2025/05/28 9:41:56 a.m. GMT-6","No, salir","","","","","","","","","","","","","","","","","","","","","",""
"2025/05/28 9:42:39 a.m. GMT-6","No, salir","","","","","","","","","","","","","","","","","","","","","",""
"2025/05/28 9:43:48 a.m. GMT-6","No, salir","","","","","","","","","","","","","","","","","","","","","",""
"2025/05/28 9:53:36 a.m. GMT-6","Sí, ir al cuestionario","Mujer","20-30","Durango","3","4","2","5","3","2","2","3","3","4","4","4","4","4","4","3","4","3","3"
"2025/05/28 9:58:09 a.m. GMT-6","A veces, ir al cuestionario","Mujer","20-30","Durango","4","2","1","1","1","2","1","2","2","1","1","1","1","2","2","2","2","1","1"
"2025/05/28 10:11:14 a.m. GMT-6","No, salir","","","","","","","","","","","","","","","","","","","","","",""
"2025/05/28 10:14:05 a.m. GMT-6","No, salir","","","","","","","","","","","","","","","","","","","","","",""
"2025/05/28 10:14:54 a.m. GMT-6","A veces, ir al cuestionario","Hombre","20-30","Durango","1","1","1","1","1","1","1","1","1","1","1","1","1","1","1","1","1","1","1"
"2025/05/28 10:17:01 a.m. GMT-6","No, salir","","","","","","","","","","","","","","","","","","","","","",""
"2025/05/28 10:20:01 a.m. GMT-6","Sí, ir al cuestionario","Mujer","10-20","Durango","3","4","4","5","3","3","3","4","4","3","3","4","4","4","3","3","4","4","4"
"2025/05/28 10:26:05 a.m. GMT-6","A veces, ir al cuestionario","Mujer","20-30","Durango","5","5","5","4","4","3","3","4","4","4","4","3","5","5","4","4","5","3","5"
"2025/05/28 10:28:51 a.m. GMT-6","A veces, ir al cuestionario","Mujer","10-20","Durango","4","3","4","3","3","3","4","4","4","3","4","4","4","3","3","3","3","2","2"
"2025/05/28 10:35:28 a.m. GMT-6","Sí, ir al cuestionario","Hombre","1-10","Durango","4","4","4","4","5","5","5","4","4","4","4","4","4","4","4","4","4","4","4"
"2025/05/28 10:36:18 a.m. GMT-6","A veces, ir al cuestionario","Hombre","30+","Durango","4","4","3","2","2","2","3","3","3","3","3","3","4","3","3","3","3","2","2"
"2025/05/28 10:39:26 a.m. GMT-6","A veces, ir al cuestionario","Hombre","20-30","Durango","4","5","4","4","3","3","3","3","3","3","3","3","3","4","4","3","3","3","3"
"2025/05/28 11:01:52 a.m. GMT-6","A veces, ir al cuestionario","Mujer","30+","Durango","3","3","4","3","3","3","3","3","3","3","3","4","2","4","4","4","4","3","3"
"2025/05/28 11:02:45 a.m. GMT-6","Sí, ir al cuestionario","Mujer","1-10","Durango","4","4","4","2","2","3","3","4","4","4","4","4","4","4","4","3","3","3","3"
"2025/05/28 11:07:35 a.m. GMT-6","A veces, ir al cuestionario","Mujer","20-30","Durango","3","4","5","5","4","3","3","3","4","3","3","4","4","4","4","3","4","3","3"
"2025/05/28 11:29:36 a.m. GMT-6","A veces, ir al cuestionario","Mujer","1-10","Durango","4","3","4","4","4","2","3","4","4","5","4","3","4","4","4","4","3","4","4"
"2025/05/28 11:30:07 a.m. GMT-6","Sí, ir al cuestionario","Hombre","10-20","Durango","4","5","4","4","4","3","2","4","4","5","5","4","4","4","4","4","3","4","4"
"2025/05/28 11:31:01 a.m. GMT-6","No, salir","","","","","","","","","","","","","","","","","","","","","",""
"2025/05/28 11:35:05 a.m. GMT-6","A veces, ir al cuestionario","Hombre","1-10","Durango","4","3","4","4","3","3","3","3","3","3","4","4","4","3","3","3","3","3","3"
"2025/05/28 11:41:44 a.m. GMT-6","Sí, ir al cuestionario","Hombre","1-10","Durango","4","5","5","5","5","5","5","5","5","4","4","5","5","5","4","4","4","5","5"
"2025/05/28 11:42:00 a.m. GMT-6","No, salir","","","","","","","","","","","","","","","","","","","","","",""
"2025/05/28 11:42:53 a.m. GMT-6","Sí, ir al cuestionario","Mujer","10-20","Durango","5","4","4","3","3","1","2","2","2","3","4","4","4","4","3","3","2","3","2"
"2025/05/28 11:49:57 a.m. GMT-6","Sí, ir al cuestionario","Hombre","20-30","Durango","2","4","4","2","3","3","3","3","3","3","3","3","3","3","3","3","3","3","3"
"2025/05/28 11:57:03 a.m. GMT-6","No, salir","","","","","","","","","","","","","","","","","","","","","",""
"2025/05/28 11:58:04 a.m. GMT-6","No, salir","","","","","","","","","","","","","","","","","","","","","",""
"2025/05/28 12:15:17 p.m. GMT-6","No, salir","","","","","","","","","","","","","","","","","","","","","",""
"2025/05/28 12:29:11 p.m. GMT-6","Sí, ir al cuestionario","Hombre","20-30","Peñom Blanco","3","3","3","3","3","3","2","2","3","3","3","5","3","3","5","3","5","3","3"
"2025/05/28 12:29:27 p.m. GMT-6","A veces, ir al cuestionario","Mujer","20-30","Durango","3","4","3","2","2","2","2","3","3","3","3","5","4","4","3","3","4","2","4"
"2025/05/28 12:33:19 p.m. GMT-6","No, salir","","","","","","","","","","","","","","","","","","","","","",""
"2025/05/28 12:34:12 p.m. GMT-6","A veces, ir al cuestionario","Mujer","1-10","Durango","3","3","3","2","2","2","2","2","2","2","2","4","3","3","2","3","3","2","3"
"2025/05/28 12:37:08 p.m. GMT-6","A veces, ir al cuestionario","Mujer","1-10","Durango","3","4","3","3","2","3","3","3","3","3","3","3","4","4","3","3","4","2","3"
"2025/05/28 12:37:09 p.m. GMT-6","No, salir","","","","","","","","","","","","","","","","","","","","","",""
"2025/05/28 12:50:38 p.m. GMT-6","Sí, ir al cuestionario","Mujer","20-30","Durango","5","4","4","4","3","3","4","4","4","3","3","4","4","4","4","4","4","4","4"
"2025/05/28 12:59:03 p.m. GMT-6","A veces, ir al cuestionario","Mujer","20-30","Durango","3","4","2","2","2","2","1","2","2","2","2","3","4","2","2","2","2","2","2"
"2025/05/28 1:05:10 p.m. GMT-6","No, salir","","","","","","","","","","","","","","","","","","","","","",""
"2025/05/28 1:50:48 p.m. GMT-6","A veces, ir al cuestionario","Mujer","1-10","Durango","3","3","3","1","3","3","3","3","2","2","2","2","3","2","3","2","2","1","2"
"2025/05/28 1:55:34 p.m. GMT-6","Sí, ir al cuestionario","Hombre","1-10","Durango","5","5","5","5","5","3","3","4","4","4","4","4","5","5","4","4","4","3","4"
"2025/05/28 1:57:51 p.m. GMT-6","No, salir","","","","","","","","","","","","","","","","","","","","","",""
"2025/05/28 2:05:40 p.m. GMT-6","A veces, ir al cuestionario","Mujer","1-10","Durango","4","4","4","3","3","3","3","3","4","4","3","4","4","4","4","4","4","4","3"
"2025/05/28 2:08:28 p.m. GMT-6","A veces, ir al cuestionario","Hombre","20-30","Durango","3","3","2","3","2","2","2","3","3","4","4","3","3","3","3","3","3","3","3"
"2025/05/28 2:10:24 p.m. GMT-6","A veces, ir al cuestionario","Mujer","20-30","Durango","1","1","1","1","2","1","1","4","3","3","3","4","4","4","4","4","4","4","4"
"2025/05/28 2:12:12 p.m. GMT-6","No, salir","","","","","","","","","","","","","","","","","","","","","",""
"2025/05/28 2:12:59 p.m. GMT-6","A veces, ir al cuestionario","Hombre","20-30","Durango","4","4","3","3","3","2","3","3","3","3","3","3","3","4","3","3","3","4","3"
"2025/05/28 2:28:14 p.m. GMT-6","No, salir","","","","","","","","","","","","","","","","","","","","","",""
"2025/05/28 2:32:20 p.m. GMT-6","Sí, ir al cuestionario","Hombre","1-10","Durango","5","5","5","4","4","4","3","4","4","4","4","4","4","4","4","4","4","4","4"
"2025/05/28 2:36:09 p.m. GMT-6","A veces, ir al cuestionario","Mujer","1-10","Durango","3","4","3","3","3","2","3","3","3","3","3","3","3","3","3","3","3","3","3"
"2025/05/28 2:57:43 p.m. GMT-6","No, salir","","","","","","","","","","","","","","","","","","","","","",""
"2025/05/28 3:24:27 p.m. GMT-6","A veces, ir al cuestionario","Hombre","20-30","Durango","3","3","3","4","3","3","2","3","3","4","3","3","4","4","4","4","3","3","4"
"2025/05/28 3:24:43 p.m. GMT-6","Sí, ir al cuestionario","Mujer","1-10","Durango","4","5","5","5","4","5","4","5","5","4","5","4","4","5","5","5","5","5","5"
"2025/05/28 3:27:16 p.m. GMT-6","No, salir","","","","","","","","","","","","","","","","","","","","","",""
"2025/05/28 3:31:26 p.m. GMT-6","No, salir","","","","","","","","","","","","","","","","","","","","","",""
"2025/05/28 3:32:16 p.m. GMT-6","A veces, ir al cuestionario","Hombre","10-20","Durango","4","5","5","5","5","5","5","5","5","5","5","5","5","5","5","5","5","5","5"
"2025/05/28 3:33:31 p.m. GMT-6","Sí, ir al cuestionario","Mujer","10-20","Durango","4","4","4","5","4","3","4","4","4","4","4","4","5","4","4","4","4","3","4"
"2025/05/28 3:43:11 p.m. GMT-6","Sí, ir al cuestionario","Mujer","1-10","Durango","1","5","4","3","3","3","2","5","4","3","5","4","5","5","4","4","5","4","5"
"2025/05/28 3:55:38 p.m. GMT-6","No, salir","","","","","","","","","","","","","","","","","","","","","",""
"2025/05/28 4:26:11 p.m. GMT-6","A veces, ir al cuestionario","Mujer","20-30","Durango","5","4","4","4","3","2","3","4","4","3","3","4","4","5","4","4","4","3","3"
"2025/05/28 4:27:29 p.m. GMT-6","Sí, ir al cuestionario","Mujer","10-20","Santa Clara","1","1","1","1","1","1","1","1","1","1","1","1","1","1","1","1","1","1","1"
"2025/05/28 4:34:13 p.m. GMT-6","No, salir","","","","","","","","","","","","","","","","","","","","","",""
"2025/05/28 4:35:28 p.m. GMT-6","A veces, ir al cuestionario","Hombre","1-10","Durango","5","5","5","3","4","2","4","3","2","2","2","2","2","1","1","2","1","2","2"
"2025/05/28 4:38:43 p.m. GMT-6","Sí, ir al cuestionario","Hombre","1-10","Durango","5","5","5","5","4","4","3","5","5","4","4","5","5","5","3","4","4","3","4"
"2025/05/28 4:39:27 p.m. GMT-6","A veces, ir al cuestionario","Hombre","20-30","Gómez Palacio","2","3","3","3","2","2","2","2","2","1","1","3","3","3","3","3","3","3","3"
"2025/05/28 4:39:52 p.m. GMT-6","No, salir","","","","","","","","","","","","","","","","","","","","","",""
"2025/05/28 4:46:00 p.m. GMT-6","A veces, ir al cuestionario","Hombre","30+","Gómez Palacio","4","5","4","3","3","3","3","3","4","3","3","3","3","3","3","3","3","3","4"
"2025/05/28 4:49:44 p.m. GMT-6","A veces, ir al cuestionario","Mujer","1-10","Gómez Palacio","4","5","3","2","3","2","3","3","2","2","2","3","3","3","3","3","3","3","3"
"2025/05/28 4:59:28 p.m. GMT-6","A veces, ir al cuestionario","Mujer","1-10","Durango","3","3","3","3","4","4","4","4","4","4","4","4","4","4","4","4","4","4","4"
"2025/05/28 5:04:08 p.m. GMT-6","Sí, ir al cuestionario","Hombre","20-30","Durango","5","4","4","4","4","5","4","4","4","5","4","4","4","5","4","5","4","4","4"
"2025/05/28 5:06:34 p.m. GMT-6","Sí, ir al cuestionario","Hombre","20-30","San Pedro del Gallo","5","5","5","1","3","3","4","1","1","1","2","1","1","1","1","1","1","1","2"
"2025/05/28 5:10:57 p.m. GMT-6","No, salir","","","","","","","","","","","","","","","","","","","","","",""
"2025/05/28 5:32:30 p.m. GMT-6","No, salir","","","","","","","","","","","","","","","","","","","","","",""
"2025/05/28 5:39:37 p.m. GMT-6","No, salir","","","","","","","","","","","","","","","","","","","","","",""
"2025/05/28 5:41:22 p.m. GMT-6","A veces, ir al cuestionario","Mujer","1-10","Durango","3","4","2","2","2","2","2","2","2","2","2","4","3","3","3","2","2","1","2"
"2025/05/28 5:58:35 p.m. GMT-6","Sí, ir al cuestionario","Mujer","1-10","Pueblo Nuevo","4","4","4","4","4","4","4","4","4","4","4","4","4","4","4","4","4","4","4"
"2025/05/28 6:11:05 p.m. GMT-6","A veces, ir al cuestionario","Mujer","20-30","Gómez Palacio","3","3","3","1","3","1","1","1","2","2","2","1","2","2","2","2","2","2","2"
"2025/05/28 6:22:19 p.m. GMT-6","Sí, ir al cuestionario","Mujer","1-10","Gómez Palacio","4","5","5","5","3","3","3","1","1","2","2","5","5","5","5","3","3","3","3"
"2025/05/28 6:24:50 p.m. GMT-6","Sí, ir al cuestionario","Mujer","20-30","Durango","3","2","2","2","2","1","1","1","2","2","2","2","1","1","1","2","2","1","2"
"2025/05/28 6:44:40 p.m. GMT-6","A veces, ir al cuestionario","Mujer","1-10","Durango","3","3","3","4","2","1","1","2","2","2","2","4","3","2","1","2","1","1","2"
"2025/05/28 6:49:44 p.m. GMT-6","A veces, ir al cuestionario","Mujer","20-30","Durango","3","4","3","3","2","2","2","3","3","3","3","3","3","3","3","3","3","3","3"
"2025/05/28 7:01:39 p.m. GMT-6","Sí, ir al cuestionario","Mujer","1-10","Gómez Palacio","4","4","2","1","1","1","1","1","1","2","1","5","5","2","1","1","1","1","1"
"2025/05/28 7:05:07 p.m. GMT-6","Sí, ir al cuestionario","Hombre","1-10","Gómez Palacio","5","4","4","3","4","3","4","3","4","4","3","4","5","3","3","3","3","4","4"
"2025/05/28 7:22:33 p.m. GMT-6","Sí, ir al cuestionario","Mujer","20-30","Durango","2","2","1","1","1","2","2","2","2","3","2","3","4","3","3","2","3","1","2"
"2025/05/28 7:33:25 p.m. GMT-6","No, salir","","","","","","","","","","","","","","","","","","","","","",""
"2025/05/28 7:39:23 p.m. GMT-6","Sí, ir al cuestionario","Mujer","1-10","Gómez Palacio","4","4","4","5","3","3","3","4","4","4","4","4","4","4","4","4","4","4","4"
"2025/05/28 7:58:40 p.m. GMT-6","A veces, ir al cuestionario","Mujer","10-20","Durango","4","4","2","2","3","1","3","3","2","1","1","2","2","4","3","3","2","2","2"
"2025/05/28 8:50:04 p.m. GMT-6","A veces, ir al cuestionario","Mujer","20-30","Durango","2","2","2","2","2","2","2","2","2","2","2","3","3","2","2","2","2","1","1"
"2025/05/28 8:53:31 p.m. GMT-6","A veces, ir al cuestionario","Mujer","20-30","Durango","2","2","2","2","2","2","2","3","2","2","2","2","2","2","2","2","2","2","2"
"2025/05/28 9:39:47 p.m. GMT-6","A veces, ir al cuestionario","Mujer","1-10","Santa Clara","5","4","4","5","5","3","5","3","3","3","3","3","3","3","3","3","2","2","2"
"2025/05/28 10:25:54 p.m. GMT-6","No, salir","","","","","","","","","","","","","","","","","","","","","",""
"2025/05/28 10:37:52 p.m. GMT-6","No, salir","","","","","","","","","","","","","","","","","","","","","",""
"2025/05/28 10:43:49 p.m. GMT-6","No, salir","","","","","","","","","","","","","","","","","","","","","",""
"2025/05/28 10:45:45 p.m. GMT-6","Sí, ir al cuestionario","Hombre","1-10","Durango","5","5","5","3","5","3","4","5","5","5","4","5","5","5","5","5","5","5","5"
"2025/05/28 11:53:52 p.m. GMT-6","A veces, ir al cuestionario","Mujer","30+","Durango","3","3","1","3","3","1","3","3","3","3","3","3","3","3","1","1","1","1","1"
"2025/05/29 1:13:20 a.m. GMT-6","A veces, ir al cuestionario","Hombre","1-10","Pueblo Nuevo","3","3","4","4","3","3","2","4","4","3","4","3","4","4","3","4","4","4","4"
"2025/05/29 6:09:29 a.m. GMT-6","Sí, ir al cuestionario","Mujer","10-20","Durango","5","5","4","4","3","3","3","4","4","3","4","4","4","4","4","4","4","3","4"
"2025/05/29 6:20:16 a.m. GMT-6","No, salir","","","","","","","","","","","","","","","","","","","","","",""
"2025/05/29 7:41:05 a.m. GMT-6","No, salir","","","","","","","","","","","","","","","","","","","","","",""
"2025/05/29 7:48:53 a.m. GMT-6","No, salir","","","","","","","","","","","","","","","","","","","","","",""
"2025/05/29 7:54:01 a.m. GMT-6","No, salir","","","","","","","","","","","","","","","","","","","","","",""
"2025/05/29 8:18:18 a.m. GMT-6","No, salir","","","","","","","","","","","","","","","","","","","","","",""
"2025/05/29 8:34:55 a.m. GMT-6","No, salir","","","","","","","","","","","","","","","","","","","","","",""
"2025/05/29 8:58:39 a.m. GMT-6","A veces, ir al cuestionario","Hombre","20-30","Durango","5","5","5","4","5","5","4","5","5","4","4","4","4","4","5","4","5","4","4"
"2025/05/29 9:03:01 a.m. GMT-6","A veces, ir al cuestionario","Mujer","1-10","Gómez Palacio","5","4","4","3","3","3","2","5","5","3","4","5","5","5","5","5","5","5","5"
"2025/05/29 9:03:01 a.m. GMT-6","A veces, ir al cuestionario","Mujer","1-10","Gómez Palacio","1","1","1","1","1","1","1","1","1","3","3","2","2","3","1","1","2","2","2"
"2025/05/29 9:07:50 a.m. GMT-6","A veces, ir al cuestionario","Mujer","1-10","Durango","3","4","3","3","3","2","2","2","2","3","2","3","4","4","4","3","3","3","3"
"2025/05/29 9:33:12 a.m. GMT-6","No, salir","","","","","","","","","","","","","","","","","","","","","",""
"2025/05/29 9:44:33 a.m. GMT-6","A veces, ir al cuestionario","Mujer","10-20","Durango","3","3","4","4","3","3","4","3","3","4","3","4","3","3","3","3","3","3","4"
"2025/05/29 9:59:34 a.m. GMT-6","A veces, ir al cuestionario","Mujer","1-10","Canatlán","3","3","3","1","2","1","1","1","1","1","1","1","1","1","2","2","2","2","2"
"2025/05/29 10:02:39 a.m. GMT-6","A veces, ir al cuestionario","Mujer","1-10","Durango","3","3","5","2","2","5","3","3","3","2","2","2","2","2","3","3","3","3","3"
"2025/05/29 10:02:43 a.m. GMT-6","A veces, ir al cuestionario","Mujer","10-20","Durango","4","5","4","4","3","5","4","4","4","4","4","4","4","4","4","4","4","3","4"
"2025/05/29 10:09:17 a.m. GMT-6","Sí, ir al cuestionario","Mujer","1-10","Durango","5","2","2","1","1","1","1","2","2","1","1","2","1","1","2","1","1","1","1"
"2025/05/29 10:09:17 a.m. GMT-6","Sí, ir al cuestionario","Mujer","1-10","Durango","5","5","5","5","3","3","4","2","3","4","4","5","5","4","3","3","3","4","5"
"2025/05/29 10:10:07 a.m. GMT-6","A veces, ir al cuestionario","Mujer","10-20","Durango","4","4","4","3","3","3","3","3","3","3","3","4","4","3","4","3","3","3","3"
"2025/05/29 10:15:35 a.m. GMT-6","No, salir","","","","","","","","","","","","","","","","","","","","","",""
"2025/05/29 10:20:24 a.m. GMT-6","Sí, ir al cuestionario","Mujer","1-10","Durango","4","4","2","4","4","4","4","3","3","2","3","3","5","5","4","3","3","2","4"
"2025/05/29 10:23:21 a.m. GMT-6","Sí, ir al cuestionario","Mujer","20-30","Durango","1","2","2","4","3","2","3","1","1","2","2","2","1","2","1","3","1","2","2"
"2025/05/29 10:26:19 a.m. GMT-6","A veces, ir al cuestionario","Hombre","20-30","Durango","3","2","3","2","2","1","2","2","2","2","2","2","2","2","3","2","3","2","3"
"2025/05/29 10:31:57 a.m. GMT-6","A veces, ir al cuestionario","Hombre","10-20","Guadalupe Victoria","5","5","4","2","3","3","2","3","3","3","3","3","4","5","5","5","3","4","5"
"2025/05/29 10:43:12 a.m. GMT-6","No, salir","","","","","","","","","","","","","","","","","","","","","",""
"2025/05/29 10:48:40 a.m. GMT-6","A veces, ir al cuestionario","Mujer","10-20","Guadalupe Victoria","5","5","2","3","1","1","1","2","2","2","3","3","3","3","1","1","1","1","1"
"2025/05/29 10:54:49 a.m. GMT-6","No, salir","","","","","","","","","","","","","","","","","","","","","",""
"2025/05/29 10:55:29 a.m. GMT-6","A veces, ir al cuestionario","Mujer","30+","Guadalupe Victoria","4","5","3","4","3","3","3","4","4","4","4","4","5","4","4","5","4","4","4"
"2025/05/29 10:59:12 a.m. GMT-6","No, salir","","","","","","","","","","","","","","","","","","","","","",""
"2025/05/29 10:59:21 a.m. GMT-6","A veces, ir al cuestionario","Mujer","30+","Guadalupe Victoria","4","5","4","4","4","4","4","4","4","4","4","4","4","4","4","4","4","4","4"
"2025/05/29 11:00:47 a.m. GMT-6","A veces, ir al cuestionario","Mujer","1-10","Durango","5","4","5","2","1","1","1","1","1","1","2","5","5","5","5","5","5","5","5"
"2025/05/29 11:01:43 a.m. GMT-6","A veces, ir al cuestionario","Hombre","1-10","Guadalupe Victoria","5","4","4","3","4","3","4","4","4","4","3","4","4","4","3","3","4","3","4"
"2025/05/29 11:04:25 a.m. GMT-6","Sí, ir al cuestionario","Mujer","1-10","Durango","4","5","5","5","5","5","5","5","5","5","5","5","5","5","5","5","5","5","5"
"2025/05/29 11:07:00 a.m. GMT-6","A veces, ir al cuestionario","Mujer","30+","Otáez","3","2","1","2","1","2","1","1","3","1","3","3","2","2","2","3","3","3","2"
"2025/05/29 11:09:30 a.m. GMT-6","Sí, ir al cuestionario","Hombre","1-10","Guadalupe Victoria","5","5","4","5","4","4","3","5","4","4","4","5","4","4","4","5","5","4","4"
"2025/05/29 11:09:45 a.m. GMT-6","A veces, ir al cuestionario","Mujer","1-10","Guadalupe Victoria","3","4","4","3","3","4","4","4","4","3","4","4","4","3","3","4","1","3","4"
"2025/05/29 11:13:23 a.m. GMT-6","A veces, ir al cuestionario","Mujer","1-10","Durango","3","3","3","3","2","2","3","3","3","3","3","4","3","3","3","2","2","2","2"
"2025/05/29 11:15:36 a.m. GMT-6","No, salir","","","","","","","","","","","","","","","","","","","","","",""
"2025/05/29 11:21:39 a.m. GMT-6","No, salir","","","","","","","","","","","","","","","","","","","","","",""
"2025/05/29 11:23:01 a.m. GMT-6","No, salir","","","","","","","","","","","","","","","","","","","","","",""
"2025/05/29 11:24:27 a.m. GMT-6","A veces, ir al cuestionario","Mujer","1-10","Guadalupe Victoria","4","5","4","4","3","3","1","4","4","3","3","3","4","3","4","3","4","3","4"
"2025/05/29 11:24:43 a.m. GMT-6","No, salir","","","","","","","","","","","","","","","","","","","","","",""
"2025/05/29 11:28:11 a.m. GMT-6","No, salir","","","","","","","","","","","","","","","","","","","","","",""
"2025/05/29 11:45:09 a.m. GMT-6","A veces, ir al cuestionario","Mujer","10-20","Durango","5","4","4","4","3","4","4","4","4","4","4","4","4","4","3","3","3","3","3"
"2025/05/29 11:47:19 a.m. GMT-6","A veces, ir al cuestionario","Mujer","30+","Durango","4","4","3","1","2","2","4","4","4","4","4","2","4","4","4","4","4","4","4"
"2025/05/29 11:57:24 a.m. GMT-6","Sí, ir al cuestionario","Mujer","30+","Durango","5","4","2","1","3","2","4","4","2","2","2","4","4","2","2","3","2","4","4"
"2025/05/29 12:07:14 p.m. GMT-6","A veces, ir al cuestionario","Mujer","30+","Durango","1","3","3","4","1","3","5","3","3","1","1","3","3","3","3","3","3","1","1"
"2025/05/29 12:08:29 p.m. GMT-6","A veces, ir al cuestionario","Hombre","20-30","Guadalupe Victoria","4","4","4","3","4","4","4","4","4","3","4","4","4","4","4","4","4","4","3"
"2025/05/29 12:30:36 p.m. GMT-6","No, salir","","","","","","","","","","","","","","","","","","","","","",""
"2025/05/29 12:51:45 p.m. GMT-6","A veces, ir al cuestionario","Hombre","30+","Durango","4","4","4","3","3","3","3","2","2","2","2","2","4","4","3","3","3","3","3"
"2025/05/29 1:03:22 p.m. GMT-6","A veces, ir al cuestionario","Hombre","30+","Durango","3","3","3","2","2","2","2","2","2","2","2","2","2","2","2","2","2","2","2"
"2025/05/29 1:07:13 p.m. GMT-6","No, salir","","","","","","","","","","","","","","","","","","","","","",""
"2025/05/29 1:25:55 p.m. GMT-6","A veces, ir al cuestionario","Mujer","20-30","Santa Clara","1","1","1","1","1","1","1","1","1","1","1","1","1","1","1","1","1","1","1"
"2025/05/29 1:32:31 p.m. GMT-6","A veces, ir al cuestionario","Mujer","1-10","Durango","3","3","3","3","3","3","3","4","3","3","3","3","3","3","3","3","3","3","3"
"2025/05/29 1:52:08 p.m. GMT-6","A veces, ir al cuestionario","Mujer","20-30","Santa Clara","3","3","3","3","2","2","2","3","3","3","3","3","3","3","3","3","2","3","3"
"2025/05/29 2:01:46 p.m. GMT-6","A veces, ir al cuestionario","Mujer","1-10","Guadalupe Victoria","4","4","4","3","3","3","1","3","3","4","3","3","3","4","4","4","3","4","3"
"2025/05/29 2:23:15 p.m. GMT-6","No, salir","","","","","","","","","","","","","","","","","","","","","",""
"2025/05/29 2:38:09 p.m. GMT-6","No, salir","","","","","","","","","","","","","","","","","","","","","",""
"2025/05/29 2:54:28 p.m. GMT-6","A veces, ir al cuestionario","Mujer","1-10","Durango","4","4","4","3","1","2","1","2","4","4","4","5","4","4","4","4","4","4","4"
"2025/05/29 3:03:41 p.m. GMT-6","A veces, ir al cuestionario","Hombre","30+","Durango","4","4","3","2","2","2","2","2","2","2","2","3","4","3","3","2","2","3","3"
"2025/05/29 3:11:23 p.m. GMT-6","A veces, ir al cuestionario","Hombre","10-20","Durango","3","3","3","3","3","3","3","3","3","3","3","3","3","3","3","3","3","3","3"
"2025/05/29 3:15:30 p.m. GMT-6","A veces, ir al cuestionario","Hombre","1-10","Durango","3","2","3","3","4","4","3","3","2","3","3","2","3","3","3","2","3","3","4"
"2025/05/29 3:16:06 p.m. GMT-6","Sí, ir al cuestionario","Mujer","1-10","Durango","4","4","3","4","4","3","3","3","3","3","4","4","4","4","3","3","3","3","3"
"2025/05/29 3:17:29 p.m. GMT-6","A veces, ir al cuestionario","Hombre","20-30","Durango","1","2","3","4","4","4","3","2","3","3","3","3","3","3","3","3","3","1","2"
"2025/05/29 3:19:17 p.m. GMT-6","Sí, ir al cuestionario","Hombre","20-30","Durango","1","3","3","3","3","3","3","2","3","3","3","3","3","3","3","3","3","3","3"
"2025/05/29 3:20:45 p.m. GMT-6","No, salir","","","","","","","","","","","","","","","","","","","","","",""
"2025/05/29 3:30:10 p.m. GMT-6","A veces, ir al cuestionario","Mujer","10-20","Durango","3","3","3","3","3","3","3","3","3","3","3","4","5","5","5","3","3","3","3"
"2025/05/29 3:36:17 p.m. GMT-6","No, salir","","","","","","","","","","","","","","","","","","","","","",""
"2025/05/29 3:43:10 p.m. GMT-6","A veces, ir al cuestionario","Mujer","1-10","Durango","4","5","5","5","3","3","2","4","4","3","2","4","3","3","2","3","3","3","3"
"2025/05/29 4:03:19 p.m. GMT-6","No, salir","","","","","","","","","","","","","","","","","","","","","",""
"2025/05/29 4:04:51 p.m. GMT-6","A veces, ir al cuestionario","Mujer","1-10","Durango","5","5","5","4","4","3","3","3","3","4","4","5","5","5","5","5","5","4","4"
"2025/05/29 4:12:19 p.m. GMT-6","A veces, ir al cuestionario","Mujer","10-20","Durango","4","3","3","3","3","3","3","3","3","3","3","3","3","3","3","3","3","3","3"
"2025/05/29 4:37:50 p.m. GMT-6","Sí, ir al cuestionario","Mujer","1-10","Gómez Palacio","3","3","1","2","2","2","4","3","3","4","4","4","4","3","4","3","4","4","3"
"2025/05/29 4:42:30 p.m. GMT-6","A veces, ir al cuestionario","Mujer","1-10","Durango","2","3","1","1","1","1","1","1","1","1","1","3","2","2","1","1","1","1","1"
"2025/05/29 4:52:40 p.m. GMT-6","A veces, ir al cuestionario","Mujer","20-30","Durango","3","3","3","1","1","1","1","1","1","1","1","1","2","2","2","1","1","2","1"
"2025/05/29 5:03:11 p.m. GMT-6","Sí, ir al cuestionario","Mujer","1-10","Gómez Palacio","5","4","4","4","4","4","3","4","4","5","5","5","5","5","4","4","3","3","5"
"2025/05/29 5:14:29 p.m. GMT-6","No, salir","","","","","","","","","","","","","","","","","","","","","",""
"2025/05/29 5:15:07 p.m. GMT-6","A veces, ir al cuestionario","Mujer","30+","Durango","4","4","3","3","3","2","2","3","3","2","2","3","3","3","3","3","3","2","3"
"2025/05/29 6:14:49 p.m. GMT-6","No, salir","","","","","","","","","","","","","","","","","","","","","",""
"2025/05/29 6:24:49 p.m. GMT-6","Sí, ir al cuestionario","Mujer","20-30","Durango","3","3","4","4","3","3","4","4","3","3","3","5","4","4","4","4","3","4","4"
"2025/05/29 6:50:38 p.m. GMT-6","A veces, ir al cuestionario","Mujer","10-20","Durango","3","4","4","3","3","4","4","4","4","4","4","4","4","4","4","4","4","4","4"
"2025/05/29 7:12:13 p.m. GMT-6","No, salir","","","","","","","","","","","","","","","","","","","","","",""
"2025/05/29 9:02:50 p.m. GMT-6","A veces, ir al cuestionario","Mujer","30+","Durango","4","4","4","4","3","4","4","4","4","4","4","4","5","4","4","4","4","4","4"
"2025/05/29 9:16:40 p.m. GMT-6","No, salir","","","","","","","","","","","","","","","","","","","","","",""
"2025/05/29 9:23:49 p.m. GMT-6","A veces, ir al cuestionario","Mujer","20-30","Durango","1","1","1","1","1","1","1","1","1","1","1","3","3","1","3","2","2","1","3"
"2025/05/29 9:45:53 p.m. GMT-6","A veces, ir al cuestionario","Hombre","10-20","Durango","4","4","4","4","3","2","3","4","4","3","3","4","4","3","3","3","3","4","4"
"2025/05/29 10:09:15 p.m. GMT-6","A veces, ir al cuestionario","Mujer","20-30","Durango","3","4","4","3","3","2","3","4","4","3","3","4","4","4","3","3","4","3","4"
"2025/05/29 10:11:56 p.m. GMT-6","No, salir","","","","","","","","","","","","","","","","","","","","","",""
"2025/05/29 10:16:10 p.m. GMT-6","A veces, ir al cuestionario","Mujer","10-20","Guadalupe Victoria","1","1","2","1","1","1","1","1","1","3","2","3","3","2","2","2","2","1","1"
"2025/05/29 10:29:49 p.m. GMT-6","No, salir","","","","","","","","","","","","","","","","","","","","","",""
"2025/05/29 11:06:10 p.m. GMT-6","Sí, ir al cuestionario","Mujer","1-10","Santa Clara","3","3","4","4","3","3","4","4","4","4","4","4","4","4","5","5","5","4","5"
"2025/05/29 11:40:26 p.m. GMT-6","Sí, ir al cuestionario","Mujer","10-20","Durango","3","3","3","3","3","3","3","3","3","3","3","4","3","3","3","3","3","3","3"
"2025/05/30 1:44:21 a.m. GMT-6","A veces, ir al cuestionario","Mujer","1-10","Gómez Palacio","5","4","4","3","3","3","3","3","3","3","3","3","3","3","3","3","3","3","3"
"2025/05/30 6:10:00 a.m. GMT-6","No, salir","","","","","","","","","","","","","","","","","","","","","",""
"2025/05/30 6:49:07 a.m. GMT-6","Sí, ir al cuestionario","Mujer","30+","Durango","3","5","3","3","3","3","3","3","3","3","3","5","5","5","3","4","4","4","4"
"2025/05/30 7:27:18 a.m. GMT-6","A veces, ir al cuestionario","Hombre","10-20","Santa Clara","4","4","4","4","4","3","3","4","4","4","4","4","4","4","4","4","4","4","4"
"2025/05/30 8:08:34 a.m. GMT-6","No, salir","","","","","","","","","","","","","","","","","","","","","",""
"2025/05/30 8:24:26 a.m. GMT-6","Sí, ir al cuestionario","Hombre","1-10","Santa Clara","5","5","5","5","5","5","5","3","3","3","3","4","4","4","4","4","4","4","4"
"2025/05/30 8:29:32 a.m. GMT-6","Sí, ir al cuestionario","Hombre","1-10","Santa Clara","4","4","4","4","3","3","3","3","3","3","3","4","3","3","3","3","3","3","3"
"2025/05/30 8:30:50 a.m. GMT-6","Sí, ir al cuestionario","Hombre","1-10","Durango","5","5","5","4","3","3","3","3","3","4","4","5","4","4","4","3","4","4","4"
"2025/05/30 8:30:53 a.m. GMT-6","Sí, ir al cuestionario","Hombre","1-10","Durango","4","3","3","3","3","3","3","4","4","3","3","3","5","4","5","4","4","3","4"
"2025/05/30 8:48:46 a.m. GMT-6","No, salir","","","","","","","","","","","","","","","","","","","","","",""
"2025/05/30 8:48:46 a.m. GMT-6","No, salir","","","","","","","","","","","","","","","","","","","","","",""
"2025/05/30 8:48:55 a.m. GMT-6","No, salir","","","","","","","","","","","","","","","","","","","","","",""
"2025/05/30 8:51:09 a.m. GMT-6","A veces, ir al cuestionario","Mujer","10-20","Gómez Palacio","3","3","3","2","2","2","3","3","3","2","2","4","4","4","4","2","3","2","3"
"2025/05/30 8:51:16 a.m. GMT-6","A veces, ir al cuestionario","Mujer","1-10","Gómez Palacio","3","4","3","3","3","3","3","3","3","3","3","3","3","3","3","3","3","3","3"
"2025/05/30 8:51:32 a.m. GMT-6","A veces, ir al cuestionario","Mujer","1-10","Gómez Palacio","3","2","1","2","3","2","3","2","3","2","2","3","2","3","2","2","2","3","3"
"2025/05/30 8:51:45 a.m. GMT-6","A veces, ir al cuestionario","Hombre","20-30","Gómez Palacio","4","4","3","3","3","2","2","3","3","3","3","2","3","3","3","3","3","2","3"
"2025/05/30 8:53:13 a.m. GMT-6","No, salir","","","","","","","","","","","","","","","","","","","","","",""
"2025/05/30 8:55:14 a.m. GMT-6","A veces, ir al cuestionario","Mujer","1-10","Gómez Palacio","5","4","3","2","2","2","3","3","3","2","2","4","5","4","5","3","4","2","3"
"2025/05/30 8:55:55 a.m. GMT-6","Sí, ir al cuestionario","Mujer","1-10","Durango","5","4","4","4","5","3","5","5","5","5","5","5","5","5","5","5","5","5","5"
"2025/05/30 9:24:57 a.m. GMT-6","No, salir","","","","","","","","","","","","","","","","","","","","","",""
"2025/05/30 10:16:00 a.m. GMT-6","Sí, ir al cuestionario","Mujer","1-10","Durango","5","3","2","2","1","2","2","3","4","2","3","5","4","3","5","3","4","2","3"
"2025/05/30 11:01:38 a.m. GMT-6","Sí, ir al cuestionario","Mujer","30+","Lerdo","5","4","4","4","4","3","4","4","4","4","4","4","4","4","3","3","4","4","4"
"2025/05/30 11:14:47 a.m. GMT-6","Sí, ir al cuestionario","Mujer","1-10","Santa Clara","2","3","3","2","2","2","2","2","2","1","1","2","2","2","2","1","1","1","1"
"2025/05/30 11:43:39 a.m. GMT-6","A veces, ir al cuestionario","Mujer","1-10","Durango","5","4","3","1","1","2","2","1","2","1","1","1","2","2","2","2","2","2","2"
"2025/05/30 12:07:19 p.m. GMT-6","No, salir","","","","","","","","","","","","","","","","","","","","","",""
"2025/05/30 12:23:54 p.m. GMT-6","A veces, ir al cuestionario","Mujer","1-10","Santa Clara","3","2","2","3","2","2","2","3","3","2","2","2","3","2","2","2","2","2","2"
"2025/05/30 12:30:26 p.m. GMT-6","A veces, ir al cuestionario","Mujer","1-10","Durango","5","5","5","4","4","3","3","5","5","5","5","5","5","4","4","5","4","4","5"
"2025/05/30 12:32:29 p.m. GMT-6","Sí, ir al cuestionario","Mujer","1-10","Durango","2","2","2","1","1","2","1","2","2","4","4","4","4","4","4","4","4","2","4"
"2025/05/30 12:35:18 p.m. GMT-6","No, salir","","","","","","","","","","","","","","","","","","","","","",""
"2025/05/30 12:55:12 p.m. GMT-6","A veces, ir al cuestionario","Mujer","10-20","Durango","4","4","4","4","3","3","3","3","3","3","3","3","3","3","2","2","2","2","2"
"2025/05/30 12:55:34 p.m. GMT-6","A veces, ir al cuestionario","Mujer","10-20","Durango","4","3","3","3","2","2","2","2","2","2","3","3","3","2","3","3","3","2","3"
"2025/05/30 12:59:26 p.m. GMT-6","A veces, ir al cuestionario","Hombre","1-10","Durango","3","3","3","3","3","3","3","3","3","3","3","4","3","3","3","3","3","3","3"
"2025/05/30 1:25:05 p.m. GMT-6","A veces, ir al cuestionario","Mujer","30+","Santa Clara","1","2","2","1","1","1","1","1","1","1","1","1","1","1","1","1","1","1","1"
"2025/05/30 1:33:46 p.m. GMT-6","Sí, ir al cuestionario","Mujer","1-10","Gómez Palacio","3","4","3","3","3","3","3","3","3","3","3","3","3","3","3","3","3","3","3"
"2025/05/30 2:40:30 p.m. GMT-6","No, salir","","","","","","","","","","","","","","","","","","","","","",""
"2025/05/30 2:55:30 p.m. GMT-6","No, salir","","","","","","","","","","","","","","","","","","","","","",""
"2025/05/30 2:58:07 p.m. GMT-6","Sí, ir al cuestionario","Mujer","20-30","Pueblo Nuevo","4","4","4","4","4","4","4","4","4","4","4","4","4","4","4","4","4","4","4"
"2025/05/30 3:10:32 p.m. GMT-6","A veces, ir al cuestionario","Mujer","1-10","Durango","5","4","5","4","4","4","4","5","5","5","4","5","4","5","5","5","4","4","5"
"2025/05/30 3:21:00 p.m. GMT-6","Sí, ir al cuestionario","Mujer","10-20","Durango","3","3","3","3","3","3","2","1","1","4","3","1","1","1","1","2","2","1","1"
"2025/05/30 4:04:57 p.m. GMT-6","A veces, ir al cuestionario","Hombre","10-20","Durango","3","3","3","3","3","3","3","3","3","3","3","3","3","3","3","3","3","3","3"
"2025/05/30 5:57:52 p.m. GMT-6","Sí, ir al cuestionario","Mujer","20-30","Durango","3","3","3","1","1","1","1","2","2","2","1","4","3","2","2","2","2","1","1"
"2025/05/30 6:12:17 p.m. GMT-6","No, salir","","","","","","","","","","","","","","","","","","","","","",""
"2025/05/30 10:21:24 p.m. GMT-6","No, salir","","","","","","","","","","","","","","","","","","","","","",""
"2025/05/31 1:52:45 p.m. GMT-6","No, salir","","","","","","","","","","","","","","","","","","","","","",""
"2025/05/31 1:57:05 p.m. GMT-6","No, salir","","","","","","","","","","","","","","","","","","","","","",""
"2025/05/31 2:08:27 p.m. GMT-6","No, salir","","","","","","","","","","","","","","","","","","","","","",""
"2025/05/31 2:13:34 p.m. GMT-6","A veces, ir al cuestionario","Mujer","1-10","Durango","3","3","3","5","4","2","5","3","2","3","3","2","3","3","3","3","3","3","3"
"2025/05/31 2:19:29 p.m. GMT-6","No, salir","","","","","","","","","","","","","","","","","","","","","",""
"2025/05/31 2:34:37 p.m. GMT-6","A veces, ir al cuestionario","Hombre","1-10","Gómez Palacio","3","3","3","3","3","3","3","3","3","3","3","3","3","3","3","3","3","3","3"
"2025/05/31 3:15:56 p.m. GMT-6","A veces, ir al cuestionario","Mujer","20-30","Durango","3","4","3","4","1","2","2","2","3","2","3","4","4","3","4","3","3","2","2"
"2025/05/31 7:37:44 p.m. GMT-6","A veces, ir al cuestionario","Hombre","1-10","Durango","4","3","2","2","5","3","2","4","3","4","4","4","2","4","4","4","3","3","4"
"2025/05/31 7:46:05 p.m. GMT-6","No, salir","","","","","","","","","","","","","","","","","","","","","",""
"2025/06/02 9:16:18 a.m. GMT-6","A veces, ir al cuestionario","Hombre","1-10","Durango","5","5","5","5","5","5","5","5","5","4","4","4","4","4","4","4","4","4","4"
"2025/06/02 9:31:06 a.m. GMT-6","A veces, ir al cuestionario","Hombre","1-10","Durango","5","5","4","3","3","2","2","2","2","2","2","3","2","2","2","2","2","2","2"
"2025/06/02 9:39:15 a.m. GMT-6","No, salir","","","","","","","","","","","","","","","","","","","","","",""
"2025/06/02 9:53:39 a.m. GMT-6","Sí, ir al cuestionario","Mujer","1-10","Durango","5","5","5","5","5","5","5","5","5","5","5","5","5","5","5","5","5","5","5"
"2025/06/02 10:06:16 a.m. GMT-6","A veces, ir al cuestionario","Mujer","1-10","Durango","3","5","4","5","5","4","5","5","5","5","5","5","4","5","5","5","5","5","4"
"2025/06/02 10:23:50 a.m. GMT-6","A veces, ir al cuestionario","Mujer","30+","Gómez Palacio","3","2","3","2","2","2","2","3","2","2","2","5","5","5","5","2","3","2","3"
"2025/06/02 10:58:17 a.m. GMT-6","Sí, ir al cuestionario","Hombre","10-20","Durango","5","5","5","5","5","5","5","5","3","4","4","4","3","3","3","3","3","3","4"
"2025/06/02 11:08:47 a.m. GMT-6","No, salir","","","","","","","","","","","","","","","","","","","","","",""
"2025/06/02 11:53:28 a.m. GMT-6","A veces, ir al cuestionario","Mujer","1-10","Hidalgo","5","5","4","4","3","4","4","3","3","3","3","3","3","3","4","4","3","3","4"
"2025/06/02 12:11:28 p.m. GMT-6","Sí, ir al cuestionario","Hombre","1-10","El oro","4","4","4","3","3","3","3","3","3","3","3","3","3","3","3","3","3","3","3"
"2025/06/02 1:05:31 p.m. GMT-6","No, salir","","","","","","","","","","","","","","","","","","","","","",""
"2025/06/02 2:26:27 p.m. GMT-6","No, salir","","","","","","","","","","","","","","","","","","","","","",""
"2025/06/02 2:34:27 p.m. GMT-6","No, salir","","","","","","","","","","","","","","","","","","","","","",""
"2025/06/02 2:47:58 p.m. GMT-6","No, salir","","","","","","","","","","","","","","","","","","","","","",""
"2025/06/02 2:53:03 p.m. GMT-6","Sí, ir al cuestionario","Hombre","20-30","Durango","5","4","3","2","2","2","2","3","3","2","2","3","3","2","2","2","2","2","2"
"2025/06/02 3:21:11 p.m. GMT-6","A veces, ir al cuestionario","Hombre","10-20","Durango","3","4","4","4","3","3","3","3","3","3","3","4","4","4","3","4","4","3","3"
"2025/06/02 3:31:17 p.m. GMT-6","Sí, ir al cuestionario","Hombre","10-20","Durango","4","4","4","3","3","3","3","3","3","3","3","4","4","4","3","3","3","3","3"
"2025/06/02 4:03:58 p.m. GMT-6","Sí, ir al cuestionario","Mujer","10-20","Durango","3","4","3","2","2","2","3","3","2","2","2","4","3","4","2","3","2","2","3"
"2025/06/02 4:17:30 p.m. GMT-6","A veces, ir al cuestionario","Mujer","1-10","Durango","3","2","3","3","3","2","2","3","3","3","2","2","2","3","3","3","3","2","3"
"2025/06/02 4:28:44 p.m. GMT-6","A veces, ir al cuestionario","Mujer","1-10","Canatlán","4","3","4","3","2","1","1","2","1","3","3","5","3","4","3","3","3","2","2"
"2025/06/02 4:57:18 p.m. GMT-6","No, salir","","","","","","","","","","","","","","","","","","","","","",""
"2025/06/02 5:25:43 p.m. GMT-6","A veces, ir al cuestionario","Hombre","1-10","Durango","5","4","3","2","2","2","2","3","3","3","3","4","3","4","4","3","3","4","3"
"2025/06/02 6:01:12 p.m. GMT-6","No, salir","","","","","","","","","","","","","","","","","","","","","",""
"2025/06/02 6:39:38 p.m. GMT-6","A veces, ir al cuestionario","Hombre","10-20","El oro","4","4","3","3","3","3","3","3","3","3","3","3","3","3","3","3","3","3","3"
"2025/06/02 6:53:44 p.m. GMT-6","A veces, ir al cuestionario","Hombre","1-10","El oro","4","4","3","3","3","3","3","4","4","3","3","4","3","3","4","4","3","3","3"
"2025/06/02 8:35:26 p.m. GMT-6","A veces, ir al cuestionario","Mujer","20-30","Durango","2","3","2","2","1","1","1","1","2","1","1","3","3","2","2","2","2","1","2"
"2025/06/02 8:35:46 p.m. GMT-6","A veces, ir al cuestionario","Mujer","1-10","Durango","3","3","3","3","3","3","3","3","3","3","3","3","3","3","3","3","3","3","3"
"2025/06/03 6:28:12 a.m. GMT-6","No, salir","","","","","","","","","","","","","","","","","","","","","",""
"2025/06/03 7:45:50 a.m. GMT-6","A veces, ir al cuestionario","Mujer","30+","Indé","5","5","4","3","4","4","3","3","3","3","3","4","4","4","4","3","3","3","3"
"2025/06/03 8:36:35 a.m. GMT-6","Sí, ir al cuestionario","Hombre","1-10","Durango","3","4","3","4","3","3","2","4","4","3","4","4","4","4","3","3","3","3","3"
"2025/06/03 9:22:01 a.m. GMT-6","A veces, ir al cuestionario","Mujer","10-20","Durango","4","3","3","2","2","2","2","2","3","2","3","4","4","3","3","3","3","3","3"
"2025/06/03 9:40:52 a.m. GMT-6","A veces, ir al cuestionario","Mujer","1-10","El oro","4","4","3","2","2","2","2","3","3","3","3","3","4","4","3","3","2","3","3"
"2025/06/03 10:02:17 a.m. GMT-6","No, salir","","","","","","","","","","","","","","","","","","","","","",""
"2025/06/03 11:39:05 a.m. GMT-6","Sí, ir al cuestionario","Hombre","1-10","Indé","5","5","5","5","5","4","3","4","4","3","3","4","4","4","4","4","4","4","4"
"2025/06/03 2:02:05 p.m. GMT-6","No, salir","","","","","","","","","","","","","","","","","","","","","",""
"2025/06/03 2:02:45 p.m. GMT-6","No, salir","","","","","","","","","","","","","","","","","","","","","",""
"2025/06/03 5:13:46 p.m. GMT-6","Sí, ir al cuestionario","Mujer","20-30","Durango","3","3","4","3","3","3","4","5","5","5","5","5","5","5","5","5","5","5","5"
"2025/06/03 5:15:56 p.m. GMT-6","A veces, ir al cuestionario","Hombre","30+","Durango","5","5","4","3","3","4","4","4","4","4","4","5","5","5","5","5","5","5","5"
"2025/06/03 6:52:24 p.m. GMT-6","No, salir","","","","","","","","","","","","","","","","","","","","","",""
"2025/06/03 8:24:45 p.m. GMT-6","No, salir","","","","","","","","","","","","","","","","","","","","","",""
"2025/06/03 9:28:51 p.m. GMT-6","A veces, ir al cuestionario","Hombre","1-10","Durango","4","5","5","4","4","4","2","3","3","3","3","3","3","3","3","3","3","3","3"
"2025/06/03 9:34:47 p.m. GMT-6","A veces, ir al cuestionario","Hombre","1-10","Santa Clara","4","4","4","4","4","4","4","4","4","4","4","4","4","4","4","4","4","4","4"
"2025/06/03 10:12:34 p.m. GMT-6","Sí, ir al cuestionario","Mujer","30+","Durango","1","1","1","2","3","5","5","5","1","1","5","5","1","1","2","2","5","1","1"
"2025/06/03 10:27:04 p.m. GMT-6","A veces, ir al cuestionario","Mujer","10-20","El oro","1","2","2","2","1","1","2","1","1","1","1","1","4","2","1","1","1","1","1"
"2025/06/03 10:51:15 p.m. GMT-6","A veces, ir al cuestionario","Mujer","20-30","Durango","4","4","3","3","3","2","4","4","4","3","3","4","3","4","3","4","4","3","3"
"2025/06/04 9:10:25 a.m. GMT-6","No, salir","","","","","","","","","","","","","","","","","","","","","",""
"2025/06/04 9:10:57 a.m. GMT-6","No, salir","","","","","","","","","","","","","","","","","","","","","",""
"2025/06/04 9:37:43 a.m. GMT-6","A veces, ir al cuestionario","Mujer","1-10","Hidalgo","3","4","4","2","2","2","3","2","2","3","3","4","3","3","3","2","2","2","2"
"2025/06/04 10:18:30 a.m. GMT-6","A veces, ir al cuestionario","Mujer","20-30","Durango","4","4","4","3","2","3","3","3","3","4","5","4","3","4","4","4","4","4","3"
"2025/06/04 10:19:25 a.m. GMT-6","A veces, ir al cuestionario","Mujer","20-30","Durango","2","1","4","2","2","2","2","2","2","2","2","3","3","3","2","3","2","2","2"
"2025/06/04 10:31:03 a.m. GMT-6","No, salir","","","","","","","","","","","","","","","","","","","","","",""
"2025/06/04 10:46:05 a.m. GMT-6","A veces, ir al cuestionario","Mujer","1-10","Santiago Papasquiaro","3","4","4","3","3","3","3","3","3","3","3","3","3","3","3","3","3","3","3"
"2025/06/04 10:47:17 a.m. GMT-6","A veces, ir al cuestionario","Hombre","1-10","Durango","3","4","3","3","3","3","3","4","3","3","3","4","3","4","3","3","3","4","3"
"2025/06/04 10:48:01 a.m. GMT-6","A veces, ir al cuestionario","Mujer","30+","Tepehuanes","3","2","1","1","2","1","1","2","2","1","2","5","4","4","4","1","1","3","2"
"2025/06/04 11:05:57 a.m. GMT-6","No, salir","","","","","","","","","","","","","","","","","","","","","",""
"2025/06/04 11:06:47 a.m. GMT-6","No, salir","","","","","","","","","","","","","","","","","","","","","",""
"2025/06/04 11:18:10 a.m. GMT-6","A veces, ir al cuestionario","Mujer","10-20","Durango","2","3","2","2","1","1","1","1","1","1","1","5","5","5","1","1","1","1","1"
"2025/06/04 12:49:34 p.m. GMT-6","Sí, ir al cuestionario","Hombre","1-10","Tepehuanes","5","5","5","5","5","5","5","3","4","4","3","4","4","5","2","5","5","5","4"
"2025/06/04 2:56:33 p.m. GMT-6","Sí, ir al cuestionario","Mujer","20-30","Durango","1","2","3","5","2","1","3","3","2","4","2","3","3","3","3","4","5","1","1"
"2025/06/04 3:10:40 p.m. GMT-6","No, salir","","","","","","","","","","","","","","","","","","","","","",""
"2025/06/04 3:11:24 p.m. GMT-6","A veces, ir al cuestionario","Mujer","1-10","Durango","3","3","3","3","3","3","3","3","3","3","3","3","3","3","3","3","3","3","3"
"2025/06/04 3:17:41 p.m. GMT-6","A veces, ir al cuestionario","Hombre","30+","Durango","5","4","4","4","3","4","4","4","4","4","4","3","4","3","3","4","4","4","4"
"2025/06/04 4:03:51 p.m. GMT-6","No, salir","","","","","","","","","","","","","","","","","","","","","",""
"2025/06/04 5:39:25 p.m. GMT-6","A veces, ir al cuestionario","Mujer","1-10","Durango","4","4","3","3","2","2","2","3","4","4","3","4","4","3","3","3","3","3","4"
"2025/06/05 11:20:58 a.m. GMT-6","No, salir","","","","","","","","","","","","","","","","","","","","","",""
"2025/06/05 11:23:26 a.m. GMT-6","A veces, ir al cuestionario","Mujer","1-10","Durango","3","3","2","2","1","2","1","1","1","1","2","4","4","5","3","3","2","2","3"
"2025/06/05 12:05:43 p.m. GMT-6","A veces, ir al cuestionario","Hombre","20-30","Gómez Palacio","3","3","3","3","2","2","2","2","2","3","3","3","3","3","2","2","2","2","2"
"2025/06/05 12:14:48 p.m. GMT-6","Sí, ir al cuestionario","Mujer","1-10","Gómez Palacio","1","1","2","2","3","3","3","2","2","3","3","2","2","2","3","3","3","4","4"
"2025/06/05 12:17:09 p.m. GMT-6","Sí, ir al cuestionario","Hombre","30+","Gómez Palacio","5","5","4","4","4","4","4","3","3","3","3","4","4","4","4","4","3","4","4"
"2025/06/05 12:19:12 p.m. GMT-6","A veces, ir al cuestionario","Hombre","20-30","Gómez Palacio","4","4","3","3","3","3","3","3","3","3","3","3","3","3","3","3","3","3","3"
"2025/06/05 12:23:14 p.m. GMT-6","No, salir","","","","","","","","","","","","","","","","","","","","","",""
"2025/06/05 12:25:53 p.m. GMT-6","A veces, ir al cuestionario","Mujer","30+","Durango","3","2","4","1","1","2","1","1","1","2","2","4","4","4","4","3","4","2","3"
"2025/06/05 12:28:18 p.m. GMT-6","Sí, ir al cuestionario","Mujer","1-10","Gómez Palacio","5","5","5","5","5","5","5","5","5","5","5","5","5","5","5","5","5","5","5"
"2025/06/05 12:29:22 p.m. GMT-6","No, salir","","","","","","","","","","","","","","","","","","","","","",""
"2025/06/05 1:55:26 p.m. GMT-6","Sí, ir al cuestionario","Mujer","10-20","Gómez Palacio","3","4","2","2","2","2","3","3","3","2","2","3","3","3","3","3","3","3","3"
"2025/06/05 2:15:58 p.m. GMT-6","A veces, ir al cuestionario","Mujer","30+","Gómez Palacio","2","3","3","3","3","3","3","3","3","3","2","3","3","3","3","3","3","1","3"
"2025/06/05 2:22:40 p.m. GMT-6","A veces, ir al cuestionario","Mujer","10-20","Gómez Palacio","4","4","3","3","2","3","2","3","3","2","3","3","3","3","3","4","3","3","3"
"2025/06/05 4:08:45 p.m. GMT-6","A veces, ir al cuestionario","Mujer","10-20","Gómez Palacio","3","3","3","3","3","3","2","3","3","3","3","5","5","4","4","4","4","2","3"
"2025/06/05 4:47:58 p.m. GMT-6","No, salir","","","","","","","","","","","","","","","","","","","","","",""
"2025/06/05 5:03:18 p.m. GMT-6","Sí, ir al cuestionario","Hombre","10-20","Gómez Palacio","5","5","4","4","4","5","5","5","5","4","4","5","5","4","3","3","4","3","4"
"2025/06/05 5:36:23 p.m. GMT-6","No, salir","","","","","","","","","","","","","","","","","","","","","",""
"2025/06/06 9:24:12 a.m. GMT-6","A veces, ir al cuestionario","Mujer","10-20","Indé","3","3","2","1","1","1","1","2","2","2","2","2","1","1","1","1","1","1","1"
"2025/06/06 2:24:39 p.m. GMT-6","Sí, ir al cuestionario","Hombre","1-10","Durango","4","5","5","5","4","4","4","5","5","4","4","4","4","5","4","4","4","4","5"
"2025/06/06 2:48:21 p.m. GMT-6","Sí, ir al cuestionario","Mujer","30+","Durango","1","3","1","1","1","2","3","4","4","3","5","4","5","5","5","3","4","1","3"
"2025/06/06 5:53:12 p.m. GMT-6","Sí, ir al cuestionario","Mujer","1-10","Durango","4","4","4","3","3","3","4","3","4","4","3","4","3","3","5","5","5","4","4"
"2025/06/06 9:24:09 p.m. GMT-6","No, salir","","","","","","","","","","","","","","","","","","","","","",""
"2025/06/08 6:47:58 p.m. GMT-6","A veces, ir al cuestionario","Hombre","1-10","Durango","4","3","2","3","3","3","3","3","3","3","3","3","3","3","3","3","3","3","3"
"2025/06/09 12:26:57 p.m. GMT-6","No, salir","","","","","","","","","","","","","","","","","","","","","",""
"2025/06/09 12:27:26 p.m. GMT-6","No, salir","","","","","","","","","","","","","","","","","","","","","",""
"2025/06/10 12:45:23 p.m. GMT-6","No, salir","","","","","","","","","","","","","","","","","","","","","",""
"2025/06/11 7:34:55 a.m. GMT-6","A veces, ir al cuestionario","Hombre","1-10","Nazas","3","3","4","4","3","4","5","4","3","3","3","5","4","5","4","4","5","4","4"
"2025/06/11 10:35:01 a.m. GMT-6","Sí, ir al cuestionario","Mujer","1-10","Nazas","4","4","4","3","3","3","2","3","3","3","3","3","3","3","2","2","3","3","3"
"2025/06/11 10:44:35 a.m. GMT-6","Sí, ir al cuestionario","Hombre","20-30","Nazas","4","4","3","3","1","1","1","2","2","2","3","4","3","3","4","3","3","2","1"